{
  "particles": {
    "number": {
      "value": 50,
      "density": {
        "enable": true,
        "value_area": 800
      }
    },
    "color": { "value": "#8b5cf6" },
    "shape": {
      "type": "circle",
      "stroke": { "width": 1, "color": "#8b5cf6" },
      "polygon": { "nb_sides": 3 }
    },
    "opacity": {
      "value": 0.5,
      "random": false,
      "anim": { "enable": false, "speed": 1, "opacity_min": 0.1, "sync": false }
    },
    "size": {
      "value": 3,
      "random": true,
      "anim": { "enable": false, "speed": 40, "size_min": 0.1, "sync": false }
    },
    "line_linked": {
      "enable": true,
      "distance": 150,
      "color": "#8b5cf6",
      "opacity": 0.4,
      "width": 1
    },
    "move": {
      "enable": true,
      "speed": 2,
      "direction": "none",
      "random": true,
      "straight": false,
      "out_mode": "bounce",
      "bounce": false,
      "attract": { "enable": false, "rotateX": 600, "rotateY": 1200 }
    }
  },
  "interactivity": {
    "detect_on": "window",
    "events": {
      "onhover": { 
        "enable": true, 
        "mode": "grab",
        "parallax": {
          "enable": false,
          "force": 60,
          "smooth": 10
        }
      },
      "onclick": { "enable": true, "mode": "repulse" },
      "resize": true
    },
    "modes": {
      "grab": { 
        "distance": 140,
        "line_linked": { "opacity": 1 }
      },
      "repulse": {
        "distance": 200,
        "duration": 0.4
      }
    }
  },
  "retina_detect": true,
  "fullScreen": {
    "enable": true,
    "zIndex": 1 
  },
  "responsive": [
    {
      "maxWidth": 768,
      "options": {
        "particles": {
          "number": {
            "value": 15
          },
          "line_linked": {
            "distance": 100,
            "opacity": 0.3
          }
        }
      }
    }
  ]
}